network,route_id,route_short_name,route_long_name,agency_id,route_type,line_number,line_number_status,direction_ids,directions,stops_count_distinct,trips_count,service_ids,premier_depart,dernier_depart,trips_without_stop_times,schedule_status
AFTU,AFTU_1,A1HL,AFTU_1_HLM-GR-YOFF_LAT-DIOR,AFTU,3,1,COHERENT (route_short_name = route_id = route_long_name),0/1,"{""0"": {""trips"": 60, ""dominant_pattern_trips"": 60, ""distinct_patterns"": 1, ""origin_stop_id"": ""A_1601"", ""origin_stop_name"": ""Lat Dior"", ""destination_stop_id"": ""A_916"", ""destination_stop_name"": ""Terminus 1 Face Keur Yoff"", ""stops_in_dominant_pattern"": 47, ""trip_headsign"": """", ""trip_id_label"": ""LAT-DIOR""}, ""1"": {""trips"": 54, ""dominant_pattern_trips"": 54, ""distinct_patterns"": 1, ""origin_stop_id"": ""A_916"", ""origin_stop_name"": ""Terminus 1 Face Keur Yoff"", ""destination_stop_id"": ""A_1601"", ""destination_stop_name"": ""Lat Dior"", ""stops_in_dominant_pattern"": 45, ""trip_headsign"": """", ""trip_id_label"": ""HLM-GR-YOFF""}}",90,114,"{""FULL"": 114}",06:33:33,20:27:28,0,SCHEDULE_PRESENT_HISTORICAL
AFTU,AFTU_2,A2PP,AFTU_2_Parcelles-Assainies_Petersen,AFTU,3,2,COHERENT (route_short_name = route_id = route_long_name),0/1,"{""0"": {""trips"": 75, ""dominant_pattern_trips"": 75, ""distinct_patterns"": 1, ""origin_stop_id"": ""A_1633"", ""origin_stop_name"": ""Petersen 1"", ""destination_stop_id"": ""A_1558"", ""destination_stop_name"": ""Terminus Parcelles Assainies"", ""stops_in_dominant_pattern"": 47, ""trip_headsign"": """", ""trip_id_label"": ""Petersen""}, ""1"": {""trips"": 74, ""dominant_pattern_trips"": 74, ""distinct_patterns"": 1, ""origin_stop_id"": ""A_1558"", ""origin_stop_name"": ""Terminus Parcelles Assainies"", ""destination_stop_id"": ""A_1633"", ""destination_stop_name"": ""Petersen 1"", ""stops_in_dominant_pattern"": 53, ""trip_headsign"": """", ""trip_id_label"": ""Parcelles-Assainies""}}",98,149,"{""FULL"": 149}",06:22:03,20:34:59,0,SCHEDULE_PRESENT_HISTORICAL
AFTU,AFTU_3,A3PY,AFTU_3_Petersen_Yoff,AFTU,3,3,COHERENT (route_short_name = route_id = route_long_name),0/1,"{""0"": {""trips"": 89, ""dominant_pattern_trips"": 89, ""distinct_patterns"": 1, ""origin_stop_id"": ""A_1250"", ""origin_stop_name"": ""Yoff"", ""destination_stop_id"": ""A_1633"", ""destination_stop_name"": ""Petersen 1"", ""stops_in_dominant_pattern"": 62, ""trip_headsign"": """", ""trip_id_label"": ""Yoff""}, ""1"": {""trips"": 86, ""dominant_pattern_trips"": 86, ""distinct_patterns"": 1, ""origin_stop_id"": ""A_1633"", ""origin_stop_name"": ""Petersen 1"", ""destination_stop_id"": ""A_1250"", ""destination_stop_name"": ""Yoff"", ""stops_in_dominant_pattern"": 59, ""trip_headsign"": """", ""trip_id_label"": ""Petersen""}}",119,175,"{""FULL"": 175}",04:55:11,20:37:20,0,SCHEDULE_PRESENT_HISTORICAL
AFTU,AFTU_4,A4PY,AFTU_4_Petersen_Yoff,AFTU,3,4,COHERENT (route_short_name = route_id = route_long_name),0/1,"{""0"": {""trips"": 86, ""dominant_pattern_trips"": 86, ""distinct_patterns"": 1, ""origin_stop_id"": ""A_1250"", ""origin_stop_name"": ""Yoff"", ""destination_stop_id"": ""A_1633"", ""destination_stop_name"": ""Petersen 1"", ""stops_in_dominant_pattern"": 40, ""trip_headsign"": """", ""trip_id_label"": ""Yoff""}, ""1"": {""trips"": 85, ""dominant_pattern_trips"": 85, ""distinct_patterns"": 1, ""origin_stop_id"": ""A_1633"", ""origin_stop_name"": ""Petersen 1"", ""destination_stop_id"": ""A_1250"", ""destination_stop_name"": ""Yoff"", ""stops_in_dominant_pattern"": 40, ""trip_headsign"": """", ""trip_id_label"": ""Petersen""}}",78,171,"{""FULL"": 171}",05:38:40,20:29:13,0,SCHEDULE_PRESENT_HISTORICAL
AFTU,AFTU_5,A5PP,AFTU_5_Parcelles-Assainies_Petersen,AFTU,3,5,COHERENT (route_short_name = route_id = route_long_name),0/1,"{""0"": {""trips"": 83, ""dominant_pattern_trips"": 83, ""distinct_patterns"": 1, ""origin_stop_id"": ""A_1633"", ""origin_stop_name"": ""Petersen 1"", ""destination_stop_id"": ""A_1558"", ""destination_stop_name"": ""Terminus Parcelles Assainies"", ""stops_in_dominant_pattern"": 47, ""trip_headsign"": """", ""trip_id_label"": ""Petersen""}, ""1"": {""trips"": 86, ""dominant_pattern_trips"": 86, ""distinct_patterns"": 1, ""origin_stop_id"": ""A_1558"", ""origin_stop_name"": ""Terminus Parcelles Assainies"", ""destination_stop_id"": ""A_1633"", ""destination_stop_name"": ""Petersen 1"", ""stops_in_dominant_pattern"": 46, ""trip_headsign"": """", ""trip_id_label"": ""Parcelles-Assainies""}}",91,169,"{""FULL"": 169}",06:13:42,20:28:49,0,SCHEDULE_PRESENT_HISTORICAL
AFTU,AFTU_24,A24NU,AFTU_24_Notaire_UCAD,AFTU,3,24,COHERENT (route_short_name = route_id = route_long_name),0/1,"{""0"": {""trips"": 72, ""dominant_pattern_trips"": 72, ""distinct_patterns"": 1, ""origin_stop_id"": ""A_847"", ""origin_stop_name"": ""Terminus 24 En Face Ucad"", ""destination_stop_id"": ""A_1560"", ""destination_stop_name"": ""Terminus 24 64"", ""stops_in_dominant_pattern"": 50, ""trip_headsign"": """", ""trip_id_label"": ""UCAD""}, ""1"": {""trips"": 80, ""dominant_pattern_trips"": 80, ""distinct_patterns"": 1, ""origin_stop_id"": ""A_1560"", ""origin_stop_name"": ""Terminus 24 64"", ""destination_stop_id"": ""A_852"", ""destination_stop_name"": ""Librairie Clairafrique"", ""stops_in_dominant_pattern"": 48, ""trip_headsign"": """", ""trip_id_label"": ""Notaire""}}",96,152,"{""FULL"": 152}",05:07:21,20:31:12,0,SCHEDULE_PRESENT_HISTORICAL
AFTU,AFTU_25,A25PP,AFTU_25_Parcelle-Assainies_Petersen,AFTU,3,25,COHERENT (route_short_name = route_id = route_long_name),0/1,"{""0"": {""trips"": 88, ""dominant_pattern_trips"": 88, ""distinct_patterns"": 1, ""origin_stop_id"": ""A_1633"", ""origin_stop_name"": ""Petersen 1"", ""destination_stop_id"": ""A_1558"", ""destination_stop_name"": ""Terminus Parcelles Assainies"", ""stops_in_dominant_pattern"": 41, ""trip_headsign"": """", ""trip_id_label"": ""Petersen""}, ""1"": {""trips"": 95, ""dominant_pattern_trips"": 95, ""distinct_patterns"": 1, ""origin_stop_id"": ""A_1558"", ""origin_stop_name"": ""Terminus Parcelles Assainies"", ""destination_stop_id"": ""A_1633"", ""destination_stop_name"": ""Petersen 1"", ""stops_in_dominant_pattern"": 41, ""trip_headsign"": """", ""trip_id_label"": ""Parcelle-Assainies""}}",80,183,"{""FULL"": 183}",05:56:46,20:30:13,0,SCHEDULE_PRESENT_HISTORICAL
AFTU,AFTU_26,A26PP,AFTU_26_Parcelle-Assainies_Poste-Thiaroye,AFTU,3,26,COHERENT (route_short_name = route_id = route_long_name),0/1,"{""0"": {""trips"": 88, ""dominant_pattern_trips"": 88, ""distinct_patterns"": 1, ""origin_stop_id"": ""A_586"", ""origin_stop_name"": ""Station Ciel Oil"", ""destination_stop_id"": ""A_1558"", ""destination_stop_name"": ""Terminus Parcelles Assainies"", ""stops_in_dominant_pattern"": 40, ""trip_headsign"": """", ""trip_id_label"": ""Poste-Thiaroye""}, ""1"": {""trips"": 94, ""dominant_pattern_trips"": 94, ""distinct_patterns"": 1, ""origin_stop_id"": ""A_1138"", ""origin_stop_name"": ""Face Brigade Nationale Des Sapeurs Pompiers Parcelle Assainies"", ""destination_stop_id"": ""A_586"", ""destination_stop_name"": ""Station Ciel Oil"", ""stops_in_dominant_pattern"": 41, ""trip_headsign"": """", ""trip_id_label"": ""Parcelle-Assainies""}}",80,182,"{""FULL"": 182}",06:00:22,20:22:07,0,SCHEDULE_PRESENT_HISTORICAL
AFTU,AFTU_27,A27GP,AFTU_27_Guediawaye MB_Petersen,AFTU,3,27,COHERENT (route_short_name = route_id = route_long_name),0/1,"{""0"": {""trips"": 58, ""dominant_pattern_trips"": 58, ""distinct_patterns"": 1, ""origin_stop_id"": ""A_1630"", ""origin_stop_name"": ""Armurerie Coutellerie Amadou Niang"", ""destination_stop_id"": ""A_1561"", ""destination_stop_name"": ""Terminus 27"", ""stops_in_dominant_pattern"": 34, ""trip_headsign"": """", ""trip_id_label"": ""Petersen""}, ""1"": {""trips"": 68, ""dominant_pattern_trips"": 68, ""distinct_patterns"": 1, ""origin_stop_id"": ""A_1561"", ""origin_stop_name"": ""Terminus 27"", ""destination_stop_id"": ""A_1559"", ""destination_stop_name"": ""Petersen 2"", ""stops_in_dominant_pattern"": 41, ""trip_headsign"": """", ""trip_id_label"": ""Guediawaye MB""}}",74,126,"{""FULL"": 126}",06:12:39,20:39:57,0,SCHEDULE_PRESENT_HISTORICAL
AFTU,AFTU_28,A28HP,AFTU_28_Hamo VI_Petersen,AFTU,3,28,COHERENT (route_short_name = route_id = route_long_name),0/1,"{""0"": {""trips"": 62, ""dominant_pattern_trips"": 62, ""distinct_patterns"": 1, ""origin_stop_id"": ""A_1559"", ""origin_stop_name"": ""Petersen 2"", ""destination_stop_id"": ""A_1562"", ""destination_stop_name"": ""Terminus 28"", ""stops_in_dominant_pattern"": 31, ""trip_headsign"": """", ""trip_id_label"": ""Petersen""}, ""1"": {""trips"": 70, ""dominant_pattern_trips"": 70, ""distinct_patterns"": 1, ""origin_stop_id"": ""A_1562"", ""origin_stop_name"": ""Terminus 28"", ""destination_stop_id"": ""A_1559"", ""destination_stop_name"": ""Petersen 2"", ""stops_in_dominant_pattern"": 32, ""trip_headsign"": """", ""trip_id_label"": ""Hamo VI""}}",60,132,"{""FULL"": 132}",05:31:00,20:44:00,0,SCHEDULE_PRESENT_HISTORICAL
AFTU,AFTU_29,A29MP,AFTU_29_Malibu_Petersen,AFTU,3,29,COHERENT (route_short_name = route_id = route_long_name),0/1,"{""0"": {""trips"": 84, ""dominant_pattern_trips"": 84, ""distinct_patterns"": 1, ""origin_stop_id"": ""A_1633"", ""origin_stop_name"": ""Petersen 1"", ""destination_stop_id"": ""A_1563"", ""destination_stop_name"": ""Terminus 29"", ""stops_in_dominant_pattern"": 59, ""trip_headsign"": """", ""trip_id_label"": ""Petersen""}, ""1"": {""trips"": 98, ""dominant_pattern_trips"": 98, ""distinct_patterns"": 1, ""origin_stop_id"": ""A_1563"", ""origin_stop_name"": ""Terminus 29"", ""destination_stop_id"": ""A_1633"", ""destination_stop_name"": ""Petersen 1"", ""stops_in_dominant_pattern"": 56, ""trip_headsign"": """", ""trip_id_label"": ""Malibu""}}",113,182,"{""FULL"": 182}",05:10:50,20:40:19,0,SCHEDULE_PRESENT_HISTORICAL
AFTU,AFTU_30,A30CG,AFTU_30_Colobane_Gadaye,AFTU,3,30,COHERENT (route_short_name = route_id = route_long_name),0/1,"{""0"": {""trips"": 71, ""dominant_pattern_trips"": 71, ""distinct_patterns"": 1, ""origin_stop_id"": ""A_453"", ""origin_stop_name"": ""Terminus 30 49"", ""destination_stop_id"": ""A_1564"", ""destination_stop_name"": ""Colobane"", ""stops_in_dominant_pattern"": 67, ""trip_headsign"": """", ""trip_id_label"": ""Gadaye""}, ""1"": {""trips"": 64, ""dominant_pattern_trips"": 64, ""distinct_patterns"": 1, ""origin_stop_id"": ""A_1564"", ""origin_stop_name"": ""Colobane"", ""destination_stop_id"": ""A_453"", ""destination_stop_name"": ""Terminus 30 49"", ""stops_in_dominant_pattern"": 68, ""trip_headsign"": """", ""trip_id_label"": ""Colobane""}}",133,135,"{""FULL"": 135}",05:29:19,21:26:56,0,SCHEDULE_PRESENT_HISTORICAL
AFTU,AFTU_31,A31ST,AFTU_31_Sham_Thiaroye-kao,AFTU,3,31,COHERENT (route_short_name = route_id = route_long_name),0/1,"{""0"": {""trips"": 85, ""dominant_pattern_trips"": 85, ""distinct_patterns"": 1, ""origin_stop_id"": """", ""origin_stop_name"": """", ""destination_stop_id"": """", ""destination_stop_name"": """", ""stops_in_dominant_pattern"": 0, ""trip_headsign"": """", ""trip_id_label"": ""Thiaroye-kao""}, ""1"": {""trips"": 75, ""dominant_pattern_trips"": 75, ""distinct_patterns"": 1, ""origin_stop_id"": ""A_890"", ""origin_stop_name"": ""Sham Terminus 32  31"", ""destination_stop_id"": ""A_447"", ""destination_stop_name"": ""Texaco"", ""stops_in_dominant_pattern"": 47, ""trip_headsign"": """", ""trip_id_label"": ""Sham""}}",47,160,"{""FULL"": 160}",06:07:30,20:37:04,85,SCHEDULE_PRESENT_HISTORICAL (partiel : 85 trips sans stop_times)
AFTU,AFTU_32,A32DS,AFTU_32_Daroukhane_Sham,AFTU,3,32,COHERENT (route_short_name = route_id = route_long_name),0/1,"{""0"": {""trips"": 64, ""dominant_pattern_trips"": 64, ""distinct_patterns"": 1, ""origin_stop_id"": ""A_890"", ""origin_stop_name"": ""Sham Terminus 32  31"", ""destination_stop_id"": ""A_420"", ""destination_stop_name"": ""Serigne Assane Terminus 32 33"", ""stops_in_dominant_pattern"": 58, ""trip_headsign"": """", ""trip_id_label"": ""Sham""}, ""1"": {""trips"": 74, ""dominant_pattern_trips"": 74, ""distinct_patterns"": 1, ""origin_stop_id"": ""A_420"", ""origin_stop_name"": ""Serigne Assane Terminus 32 33"", ""destination_stop_id"": ""A_890"", ""destination_stop_name"": ""Sham Terminus 32  31"", ""stops_in_dominant_pattern"": 62, ""trip_headsign"": """", ""trip_id_label"": ""Daroukhane""}}",118,138,"{""FULL"": 138}",05:32:42,20:43:12,0,SCHEDULE_PRESENT_HISTORICAL
AFTU,AFTU_33,A33CD,AFTU_33_Colobane_Daroukane,AFTU,3,33,COHERENT (route_short_name = route_id = route_long_name),0/1,"{""0"": {""trips"": 65, ""dominant_pattern_trips"": 65, ""distinct_patterns"": 1, ""origin_stop_id"": ""A_420"", ""origin_stop_name"": ""Serigne Assane Terminus 32 33"", ""destination_stop_id"": ""A_1911"", ""destination_stop_name"": ""Gare Routiére De Colobane"", ""stops_in_dominant_pattern"": 61, ""trip_headsign"": """", ""trip_id_label"": ""Daroukane""}, ""1"": {""trips"": 62, ""dominant_pattern_trips"": 62, ""distinct_patterns"": 1, ""origin_stop_id"": ""A_1911"", ""origin_stop_name"": ""Gare Routiére De Colobane"", ""destination_stop_id"": ""A_420"", ""destination_stop_name"": ""Serigne Assane Terminus 32 33"", ""stops_in_dominant_pattern"": 63, ""trip_headsign"": """", ""trip_id_label"": ""Colobane""}}",122,127,"{""FULL"": 127}",05:38:51,21:14:08,0,SCHEDULE_PRESENT_HISTORICAL
AFTU,AFTU_34,A34LN,AFTU_34_LAT-DIOR_Nord-Foire,AFTU,3,34,COHERENT (route_short_name = route_id = route_long_name),0/1,"{""0"": {""trips"": 76, ""dominant_pattern_trips"": 76, ""distinct_patterns"": 1, ""origin_stop_id"": ""A_1062"", ""origin_stop_name"": ""Ecole Japonaise Nord Foire"", ""destination_stop_id"": ""A_1601"", ""destination_stop_name"": ""Lat Dior"", ""stops_in_dominant_pattern"": 49, ""trip_headsign"": """", ""trip_id_label"": ""Nord-Foire""}, ""1"": {""trips"": 94, ""dominant_pattern_trips"": 94, ""distinct_patterns"": 1, ""origin_stop_id"": ""A_1601"", ""origin_stop_name"": ""Lat Dior"", ""destination_stop_id"": ""A_1062"", ""destination_stop_name"": ""Ecole Japonaise Nord Foire"", ""stops_in_dominant_pattern"": 48, ""trip_headsign"": """", ""trip_id_label"": ""LAT-DIOR""}}",95,170,"{""FULL"": 170}",06:08:39,20:30:38,0,SCHEDULE_PRESENT_HISTORICAL
AFTU,AFTU_35,A35NP,AFTU_35_Ngor_Pikine-Texaco,AFTU,3,35,COHERENT (route_short_name = route_id = route_long_name),0/1,"{""0"": {""trips"": 94, ""dominant_pattern_trips"": 94, ""distinct_patterns"": 1, ""origin_stop_id"": ""A_447"", ""origin_stop_name"": ""Texaco"", ""destination_stop_id"": ""A_1751"", ""destination_stop_name"": ""Garage Ngor"", ""stops_in_dominant_pattern"": 51, ""trip_headsign"": """", ""trip_id_label"": ""Pikine-Texaco""}, ""1"": {""trips"": 83, ""dominant_pattern_trips"": 83, ""distinct_patterns"": 1, ""origin_stop_id"": ""A_1751"", ""origin_stop_name"": ""Garage Ngor"", ""destination_stop_id"": ""A_447"", ""destination_stop_name"": ""Texaco"", ""stops_in_dominant_pattern"": 47, ""trip_headsign"": """", ""trip_id_label"": ""Ngor""}}",96,177,"{""FULL"": 177}",05:12:52,20:26:57,0,SCHEDULE_PRESENT_HISTORICAL
AFTU,AFTU_36,A36DN,AFTU_36_Daroukhane_Ngor,AFTU,3,36,COHERENT (route_short_name = route_id = route_long_name),0/1,"{""0"": {""trips"": 77, ""dominant_pattern_trips"": 77, ""distinct_patterns"": 1, ""origin_stop_id"": ""A_1751"", ""origin_stop_name"": ""Garage Ngor"", ""destination_stop_id"": ""A_527"", ""destination_stop_name"": ""Serigne Assane Terminus 36 46 70"", ""stops_in_dominant_pattern"": 76, ""trip_headsign"": """", ""trip_id_label"": ""Ngor""}, ""1"": {""trips"": 89, ""dominant_pattern_trips"": 89, ""distinct_patterns"": 1, ""origin_stop_id"": ""A_527"", ""origin_stop_name"": ""Serigne Assane Terminus 36 46 70"", ""destination_stop_id"": ""A_1751"", ""destination_stop_name"": ""Garage Ngor"", ""stops_in_dominant_pattern"": 76, ""trip_headsign"": """", ""trip_id_label"": ""Daroukhane""}}",150,166,"{""FULL"": 166}",05:27:12,21:22:48,0,SCHEDULE_PRESENT_HISTORICAL
AFTU,AFTU_37,A37AU,AFTU_37_APIX_UCAD,AFTU,3,37,COHERENT (route_short_name = route_id = route_long_name),0/1,"{""0"": {""trips"": 54, ""dominant_pattern_trips"": 54, ""distinct_patterns"": 1, ""origin_stop_id"": ""A_1557"", ""origin_stop_name"": ""Terminus 37 71"", ""destination_stop_id"": ""A_1565"", ""destination_stop_name"": ""Terminus 37 50"", ""stops_in_dominant_pattern"": 98, ""trip_headsign"": """", ""trip_id_label"": ""UCAD""}, ""1"": {""trips"": 49, ""dominant_pattern_trips"": 49, ""distinct_patterns"": 1, ""origin_stop_id"": ""A_1565"", ""origin_stop_name"": ""Terminus 37 50"", ""destination_stop_id"": ""A_1557"", ""destination_stop_name"": ""Terminus 37 71"", ""stops_in_dominant_pattern"": 105, ""trip_headsign"": """", ""trip_id_label"": ""APIX""}}",201,103,"{""FULL"": 103}",05:59:47,21:51:21,0,SCHEDULE_PRESENT_HISTORICAL
AFTU,AFTU_38,A38GS,AFTU_38_Guediawaye_Sahm,AFTU,3,38,COHERENT (route_short_name = route_id = route_long_name),0/1,"{""0"": {""trips"": 65, ""dominant_pattern_trips"": 65, ""distinct_patterns"": 1, ""origin_stop_id"": ""A_890"", ""origin_stop_name"": ""Sham Terminus 32  31"", ""destination_stop_id"": ""A_1566"", ""destination_stop_name"": ""Pai Terminus 38"", ""stops_in_dominant_pattern"": 61, ""trip_headsign"": """", ""trip_id_label"": ""Sahm""}, ""1"": {""trips"": 71, ""dominant_pattern_trips"": 71, ""distinct_patterns"": 1, ""origin_stop_id"": """", ""origin_stop_name"": """", ""destination_stop_id"": """", ""destination_stop_name"": """", ""stops_in_dominant_pattern"": 0, ""trip_headsign"": """", ""trip_id_label"": ""GuΓö£├óΓö¼ΓîÉdiawaye""}}",61,136,"{""FULL"": 136}",06:15:48,20:40:35,71,SCHEDULE_PRESENT_HISTORICAL (partiel : 71 trips sans stop_times)
AFTU,AFTU_39,A39DL,AFTU_39_Diamalaye_Lat Dior,AFTU,3,39,COHERENT (route_short_name = route_id = route_long_name),0/1,"{""0"": {""trips"": 54, ""dominant_pattern_trips"": 54, ""distinct_patterns"": 1, ""origin_stop_id"": ""A_1601"", ""origin_stop_name"": ""Lat Dior"", ""destination_stop_id"": ""A_299"", ""destination_stop_name"": ""Terminus 59-39-69-80 Près De La Plage De Diamalaye"", ""stops_in_dominant_pattern"": 68, ""trip_headsign"": """", ""trip_id_label"": ""Lat Dior""}, ""1"": {""trips"": 72, ""dominant_pattern_trips"": 72, ""distinct_patterns"": 1, ""origin_stop_id"": ""A_299"", ""origin_stop_name"": ""Terminus 59-39-69-80 Près De La Plage De Diamalaye"", ""destination_stop_id"": ""A_1601"", ""destination_stop_name"": ""Lat Dior"", ""stops_in_dominant_pattern"": 67, ""trip_headsign"": """", ""trip_id_label"": ""Diamalaye""}}",133,126,"{""FULL"": 126}",05:49:55,21:15:04,0,SCHEDULE_PRESENT_HISTORICAL
AFTU,AFTU_40,A40MP,AFTU_40_Mbao_Petersen,AFTU,3,40,COHERENT (route_short_name = route_id = route_long_name),0/1,"{""0"": {""trips"": 50, ""dominant_pattern_trips"": 50, ""distinct_patterns"": 1, ""origin_stop_id"": ""A_1559"", ""origin_stop_name"": ""Petersen 2"", ""destination_stop_id"": ""A_623"", ""destination_stop_name"": ""Terminus Grand Mbao"", ""stops_in_dominant_pattern"": 52, ""trip_headsign"": """", ""trip_id_label"": ""Petersen""}, ""1"": {""trips"": 63, ""dominant_pattern_trips"": 63, ""distinct_patterns"": 1, ""origin_stop_id"": ""A_623"", ""origin_stop_name"": ""Terminus Grand Mbao"", ""destination_stop_id"": ""A_1559"", ""destination_stop_name"": ""Petersen 2"", ""stops_in_dominant_pattern"": 51, ""trip_headsign"": """", ""trip_id_label"": ""Mbao""}}",101,113,"{""FULL"": 113}",05:23:34,21:07:34,0,SCHEDULE_PRESENT_HISTORICAL
AFTU,AFTU_41,A41GP,AFTU_41_Guediawaye_Petersen,AFTU,3,41,COHERENT (route_short_name = route_id = route_long_name),0/1,"{""0"": {""trips"": 53, ""dominant_pattern_trips"": 53, ""distinct_patterns"": 1, ""origin_stop_id"": ""A_1559"", ""origin_stop_name"": ""Petersen 2"", ""destination_stop_id"": ""A_572"", ""destination_stop_name"": ""Terminus 41"", ""stops_in_dominant_pattern"": 60, ""trip_headsign"": """", ""trip_id_label"": ""Petersen""}, ""1"": {""trips"": 70, ""dominant_pattern_trips"": 70, ""distinct_patterns"": 1, ""origin_stop_id"": """", ""origin_stop_name"": """", ""destination_stop_id"": """", ""destination_stop_name"": """", ""stops_in_dominant_pattern"": 0, ""trip_headsign"": """", ""trip_id_label"": ""GuΓö£├óΓö¼ΓîÉdiawaye""}}",60,123,"{""FULL"": 123}",06:24:10,20:34:16,70,SCHEDULE_PRESENT_HISTORICAL (partiel : 70 trips sans stop_times)
AFTU,AFTU_42,A42GO,AFTU_42_Gadaye_Ouakam,AFTU,3,42,COHERENT (route_short_name = route_id = route_long_name),0/1,"{""0"": {""trips"": 75, ""dominant_pattern_trips"": 75, ""distinct_patterns"": 1, ""origin_stop_id"": ""A_1746"", ""origin_stop_name"": ""Devant Terminus 42 Et 44 Marché Jeudi"", ""destination_stop_id"": ""A_453"", ""destination_stop_name"": ""Terminus 30 49"", ""stops_in_dominant_pattern"": 66, ""trip_headsign"": """", ""trip_id_label"": ""Ouakam""}, ""1"": {""trips"": 86, ""dominant_pattern_trips"": 86, ""distinct_patterns"": 1, ""origin_stop_id"": ""A_453"", ""origin_stop_name"": ""Terminus 30 49"", ""destination_stop_id"": ""A_1746"", ""destination_stop_name"": ""Devant Terminus 42 Et 44 Marché Jeudi"", ""stops_in_dominant_pattern"": 67, ""trip_headsign"": """", ""trip_id_label"": ""Gadaye""}}",131,161,"{""FULL"": 161}",05:26:17,20:52:02,0,SCHEDULE_PRESENT_HISTORICAL
AFTU,AFTU_43,A43CO,AFTU_43_Comico_Ouakam,AFTU,3,43,COHERENT (route_short_name = route_id = route_long_name),0/1,"{""0"": {""trips"": 64, ""dominant_pattern_trips"": 64, ""distinct_patterns"": 1, ""origin_stop_id"": ""A_6"", ""origin_stop_name"": ""Terminus 43"", ""destination_stop_id"": ""A_1697"", ""destination_stop_name"": ""Terminus 43 Yeumbeul Nord"", ""stops_in_dominant_pattern"": 82, ""trip_headsign"": """", ""trip_id_label"": ""Ouakam""}, ""1"": {""trips"": 73, ""dominant_pattern_trips"": 73, ""distinct_patterns"": 1, ""origin_stop_id"": ""A_1697"", ""origin_stop_name"": ""Terminus 43 Yeumbeul Nord"", ""destination_stop_id"": ""A_6"", ""destination_stop_name"": ""Terminus 43"", ""stops_in_dominant_pattern"": 82, ""trip_headsign"": """", ""trip_id_label"": ""Comico""}}",162,137,"{""FULL"": 137}",05:04:14,21:50:58,0,SCHEDULE_PRESENT_HISTORICAL
AFTU,AFTU_44,A44MO,AFTU_44_Mbao_Ouakam,AFTU,3,44,COHERENT (route_short_name = route_id = route_long_name),0/1,"{""0"": {""trips"": 93, ""dominant_pattern_trips"": 93, ""distinct_patterns"": 1, ""origin_stop_id"": ""A_6"", ""origin_stop_name"": ""Terminus 43"", ""destination_stop_id"": ""A_623"", ""destination_stop_name"": ""Terminus Grand Mbao"", ""stops_in_dominant_pattern"": 55, ""trip_headsign"": """", ""trip_id_label"": ""Ouakam""}, ""1"": {""trips"": 97, ""dominant_pattern_trips"": 97, ""distinct_patterns"": 1, ""origin_stop_id"": ""A_623"", ""origin_stop_name"": ""Terminus Grand Mbao"", ""destination_stop_id"": ""A_6"", ""destination_stop_name"": ""Terminus 43"", ""stops_in_dominant_pattern"": 56, ""trip_headsign"": """", ""trip_id_label"": ""Mbao""}}",109,190,"{""FULL"": 190}",04:48:28,21:28:34,0,SCHEDULE_PRESENT_HISTORICAL
AFTU,AFTU_45,A45kP,AFTU_45_kounoune_Parcelles Assainies,AFTU,3,45,COHERENT (route_short_name = route_id = route_long_name),0/1,"{""0"": {""trips"": 75, ""dominant_pattern_trips"": 75, ""distinct_patterns"": 1, ""origin_stop_id"": ""A_1558"", ""origin_stop_name"": ""Terminus Parcelles Assainies"", ""destination_stop_id"": ""A_1567"", ""destination_stop_name"": ""Terminus 45"", ""stops_in_dominant_pattern"": 101, ""trip_headsign"": """", ""trip_id_label"": ""Parcelles Assainies""}, ""1"": {""trips"": 68, ""dominant_pattern_trips"": 68, ""distinct_patterns"": 1, ""origin_stop_id"": ""A_1567"", ""origin_stop_name"": ""Terminus 45"", ""destination_stop_id"": ""A_1558"", ""destination_stop_name"": ""Terminus Parcelles Assainies"", ""stops_in_dominant_pattern"": 92, ""trip_headsign"": """", ""trip_id_label"": ""kounoune""}}",191,143,"{""FULL"": 143}",05:35:58,21:49:06,0,SCHEDULE_PRESENT_HISTORICAL
AFTU,AFTU_46,A46GL,AFTU_46_Guediawaye_Lat Dior,AFTU,3,46,COHERENT (route_short_name = route_id = route_long_name),0/1,"{""0"": {""trips"": 67, ""dominant_pattern_trips"": 67, ""distinct_patterns"": 1, ""origin_stop_id"": ""A_1601"", ""origin_stop_name"": ""Lat Dior"", ""destination_stop_id"": ""A_527"", ""destination_stop_name"": ""Serigne Assane Terminus 36 46 70"", ""stops_in_dominant_pattern"": 69, ""trip_headsign"": """", ""trip_id_label"": ""Lat Dior""}, ""1"": {""trips"": 73, ""dominant_pattern_trips"": 73, ""distinct_patterns"": 1, ""origin_stop_id"": """", ""origin_stop_name"": """", ""destination_stop_id"": """", ""destination_stop_name"": """", ""stops_in_dominant_pattern"": 0, ""trip_headsign"": """", ""trip_id_label"": ""GuΓö£├óΓö¼ΓîÉdiawaye""}}",69,140,"{""FULL"": 140}",06:28:54,21:01:34,73,SCHEDULE_PRESENT_HISTORICAL (partiel : 73 trips sans stop_times)
AFTU,AFTU_47,A47LA,AFTU_47_Lat Dior_Almadies,AFTU,3,47,COHERENT (route_short_name = route_id = route_long_name),,{},0,0,{},,,0,NO_SCHEDULE (aucun trip sans stop_times)
AFTU,AFTU_48,A48LR,AFTU_48_Lat Dior_Rufisque,AFTU,3,48,COHERENT (route_short_name = route_id = route_long_name),0/1,"{""0"": {""trips"": 178, ""dominant_pattern_trips"": 178, ""distinct_patterns"": 1, ""origin_stop_id"": ""A_1569"", ""origin_stop_name"": ""Terminus 48"", ""destination_stop_id"": ""A_50"", ""destination_stop_name"": ""Garage Lat Dior"", ""stops_in_dominant_pattern"": 49, ""trip_headsign"": """", ""trip_id_label"": ""Rufisque""}, ""1"": {""trips"": 60, ""dominant_pattern_trips"": 60, ""distinct_patterns"": 1, ""origin_stop_id"": ""A_1601"", ""origin_stop_name"": ""Lat Dior"", ""destination_stop_id"": ""A_1569"", ""destination_stop_name"": ""Terminus 48"", ""stops_in_dominant_pattern"": 53, ""trip_headsign"": """", ""trip_id_label"": ""Lat Dior""}}",101,238,"{""FULL"": 238}",06:13:00,21:15:57,0,SCHEDULE_PRESENT_HISTORICAL
AFTU,AFTU_49,A49GN,AFTU_49_Gadaye_Ngor,AFTU,3,49,COHERENT (route_short_name = route_id = route_long_name),0/1,"{""0"": {""trips"": 64, ""dominant_pattern_trips"": 64, ""distinct_patterns"": 1, ""origin_stop_id"": ""A_1751"", ""origin_stop_name"": ""Garage Ngor"", ""destination_stop_id"": ""A_453"", ""destination_stop_name"": ""Terminus 30 49"", ""stops_in_dominant_pattern"": 87, ""trip_headsign"": """", ""trip_id_label"": ""Ngor""}, ""1"": {""trips"": 83, ""dominant_pattern_trips"": 83, ""distinct_patterns"": 1, ""origin_stop_id"": ""A_453"", ""origin_stop_name"": ""Terminus 30 49"", ""destination_stop_id"": ""A_1751"", ""destination_stop_name"": ""Garage Ngor"", ""stops_in_dominant_pattern"": 94, ""trip_headsign"": """", ""trip_id_label"": ""Gadaye""}}",179,147,"{""FULL"": 147}",05:24:56,21:22:05,0,SCHEDULE_PRESENT_HISTORICAL
AFTU,AFTU_50,A50MP,AFTU_50_Malicka_Petersen,AFTU,3,50,COHERENT (route_short_name = route_id = route_long_name),0/1,"{""0"": {""trips"": 63, ""dominant_pattern_trips"": 63, ""distinct_patterns"": 1, ""origin_stop_id"": ""A_1559"", ""origin_stop_name"": ""Petersen 2"", ""destination_stop_id"": ""A_1565"", ""destination_stop_name"": ""Terminus 37 50"", ""stops_in_dominant_pattern"": 56, ""trip_headsign"": """", ""trip_id_label"": ""Petersen""}, ""1"": {""trips"": 72, ""dominant_pattern_trips"": 72, ""distinct_patterns"": 1, ""origin_stop_id"": ""A_1565"", ""origin_stop_name"": ""Terminus 37 50"", ""destination_stop_id"": ""A_1559"", ""destination_stop_name"": ""Petersen 2"", ""stops_in_dominant_pattern"": 54, ""trip_headsign"": """", ""trip_id_label"": ""Malicka""}}",108,135,"{""FULL"": 135}",05:25:02,21:33:45,0,SCHEDULE_PRESENT_HISTORICAL
AFTU,AFTU_51,A51BJ,AFTU_51_Baux Maraichers_Jaxaay,AFTU,3,51,COHERENT (route_short_name = route_id = route_long_name),0/1,"{""0"": {""trips"": 80, ""dominant_pattern_trips"": 80, ""distinct_patterns"": 1, ""origin_stop_id"": ""A_90"", ""origin_stop_name"": ""Terminus Pénitence"", ""destination_stop_id"": ""A_1570"", ""destination_stop_name"": ""Gare Des Baux MaraîChers"", ""stops_in_dominant_pattern"": 71, ""trip_headsign"": """", ""trip_id_label"": ""Jaxaay""}, ""1"": {""trips"": 77, ""dominant_pattern_trips"": 77, ""distinct_patterns"": 1, ""origin_stop_id"": ""A_1570"", ""origin_stop_name"": ""Gare Des Baux MaraîChers"", ""destination_stop_id"": ""A_90"", ""destination_stop_name"": ""Terminus Pénitence"", ""stops_in_dominant_pattern"": 73, ""trip_headsign"": """", ""trip_id_label"": ""Baux Maraichers""}}",142,157,"{""FULL"": 157}",05:37:20,20:45:08,0,SCHEDULE_PRESENT_HISTORICAL
AFTU,AFTU_52,A52BJ,AFTU_52_Baux Maraichers_Jaxaay,AFTU,3,52,COHERENT (route_short_name = route_id = route_long_name),0/1,"{""0"": {""trips"": 99, ""dominant_pattern_trips"": 99, ""distinct_patterns"": 1, ""origin_stop_id"": """", ""origin_stop_name"": """", ""destination_stop_id"": """", ""destination_stop_name"": """", ""stops_in_dominant_pattern"": 0, ""trip_headsign"": """", ""trip_id_label"": ""Jaxaay""}, ""1"": {""trips"": 91, ""dominant_pattern_trips"": 91, ""distinct_patterns"": 1, ""origin_stop_id"": """", ""origin_stop_name"": """", ""destination_stop_id"": """", ""destination_stop_name"": """", ""stops_in_dominant_pattern"": 0, ""trip_headsign"": """", ""trip_id_label"": ""Baux Maraichers""}}",0,190,"{""FULL"": 190}",,,190,NO_STOP_TIMES (trips déclarés mais aucun horaire)
AFTU,AFTU_53,A53KS,AFTU_53_KEUR MASSAR_Sebikotane,AFTU,3,53,COHERENT (route_short_name = route_id = route_long_name),0/1,"{""0"": {""trips"": 89, ""dominant_pattern_trips"": 89, ""distinct_patterns"": 1, ""origin_stop_id"": """", ""origin_stop_name"": """", ""destination_stop_id"": """", ""destination_stop_name"": """", ""stops_in_dominant_pattern"": 0, ""trip_headsign"": """", ""trip_id_label"": ""SΓö£├óΓö¼ΓîÉbikotane""}, ""1"": {""trips"": 87, ""dominant_pattern_trips"": 87, ""distinct_patterns"": 1, ""origin_stop_id"": ""A_2141"", ""origin_stop_name"": ""Terminus 54"", ""destination_stop_id"": ""A_1572"", ""destination_stop_name"": ""Terminus 53"", ""stops_in_dominant_pattern"": 87, ""trip_headsign"": """", ""trip_id_label"": ""KEUR MASSAR""}}",87,176,"{""FULL"": 176}",05:39:38,21:19:51,89,SCHEDULE_PRESENT_HISTORICAL (partiel : 89 trips sans stop_times)
AFTU,AFTU_54,A54MU,AFTU_54_M T O A_UCAD,AFTU,3,54,COHERENT (route_short_name = route_id = route_long_name),0/1,"{""0"": {""trips"": 96, ""dominant_pattern_trips"": 96, ""distinct_patterns"": 1, ""origin_stop_id"": ""A_1557"", ""origin_stop_name"": ""Terminus 37 71"", ""destination_stop_id"": ""A_599"", ""destination_stop_name"": ""Terminus 54 Pres De La Pharmacie Pascal"", ""stops_in_dominant_pattern"": 64, ""trip_headsign"": """", ""trip_id_label"": ""UCAD""}, ""1"": {""trips"": 103, ""dominant_pattern_trips"": 103, ""distinct_patterns"": 1, ""origin_stop_id"": ""A_599"", ""origin_stop_name"": ""Terminus 54 Pres De La Pharmacie Pascal"", ""destination_stop_id"": ""A_1557"", ""destination_stop_name"": ""Terminus 37 71"", ""stops_in_dominant_pattern"": 60, ""trip_headsign"": """", ""trip_id_label"": ""M T O A""}}",122,199,"{""FULL"": 199}",05:31:00,20:49:16,0,SCHEDULE_PRESENT_HISTORICAL
AFTU,AFTU_55,A55PR,AFTU_55_Petersen_Rufisque,AFTU,3,55,COHERENT (route_short_name = route_id = route_long_name),0/1,"{""0"": {""trips"": 105, ""dominant_pattern_trips"": 105, ""distinct_patterns"": 1, ""origin_stop_id"": ""A_1536"", ""origin_stop_name"": ""Terminus 55"", ""destination_stop_id"": ""A_1559"", ""destination_stop_name"": ""Petersen 2"", ""stops_in_dominant_pattern"": 40, ""trip_headsign"": """", ""trip_id_label"": ""Rufisque""}, ""1"": {""trips"": 83, ""dominant_pattern_trips"": 83, ""distinct_patterns"": 1, ""origin_stop_id"": ""A_1559"", ""origin_stop_name"": ""Petersen 2"", ""destination_stop_id"": ""A_1536"", ""destination_stop_name"": ""Terminus 55"", ""stops_in_dominant_pattern"": 44, ""trip_headsign"": """", ""trip_id_label"": ""Petersen""}}",82,188,"{""FULL"": 188}",05:37:15,21:37:50,0,SCHEDULE_PRESENT_HISTORICAL
AFTU,AFTU_56,A56JP,AFTU_56_Jaxaaye_Petersen,AFTU,3,56,COHERENT (route_short_name = route_id = route_long_name),0/1,"{""0"": {""trips"": 98, ""dominant_pattern_trips"": 98, ""distinct_patterns"": 1, ""origin_stop_id"": ""A_1559"", ""origin_stop_name"": ""Petersen 2"", ""destination_stop_id"": ""A_91"", ""destination_stop_name"": ""Arrêt Pa Thiaw"", ""stops_in_dominant_pattern"": 45, ""trip_headsign"": """", ""trip_id_label"": ""Petersen""}, ""1"": {""trips"": 72, ""dominant_pattern_trips"": 72, ""distinct_patterns"": 1, ""origin_stop_id"": ""A_91"", ""origin_stop_name"": ""Arrêt Pa Thiaw"", ""destination_stop_id"": ""A_1559"", ""destination_stop_name"": ""Petersen 2"", ""stops_in_dominant_pattern"": 42, ""trip_headsign"": """", ""trip_id_label"": ""Jaxaaye""}}",85,170,"{""FULL"": 170}",05:24:37,21:57:19,0,SCHEDULE_PRESENT_HISTORICAL
AFTU,AFTU_57,A57LR,AFTU_57_LIBERTE 5_Rufisque Gouye Mouride,AFTU,3,57,COHERENT (route_short_name = route_id = route_long_name),0/1,"{""0"": {""trips"": 91, ""dominant_pattern_trips"": 91, ""distinct_patterns"": 1, ""origin_stop_id"": """", ""origin_stop_name"": """", ""destination_stop_id"": """", ""destination_stop_name"": """", ""stops_in_dominant_pattern"": 0, ""trip_headsign"": """", ""trip_id_label"": ""Rufisque Gouye Mouride ""}, ""1"": {""trips"": 81, ""dominant_pattern_trips"": 81, ""distinct_patterns"": 1, ""origin_stop_id"": ""A_1537"", ""origin_stop_name"": ""Terminus 57"", ""destination_stop_id"": ""A_403"", ""destination_stop_name"": ""Terminus 57"", ""stops_in_dominant_pattern"": 54, ""trip_headsign"": """", ""trip_id_label"": ""LIBERTE 5""}}",54,172,"{""FULL"": 172}",05:02:49,21:17:42,91,SCHEDULE_PRESENT_HISTORICAL (partiel : 91 trips sans stop_times)
AFTU,AFTU_58,A58CS,AFTU_58_Comico_Sahm,AFTU,3,58,COHERENT (route_short_name = route_id = route_long_name),0/1,"{""0"": {""trips"": 75, ""dominant_pattern_trips"": 75, ""distinct_patterns"": 1, ""origin_stop_id"": ""A_868"", ""origin_stop_name"": ""Sham Terminus 38 45 58"", ""destination_stop_id"": ""A_1697"", ""destination_stop_name"": ""Terminus 43 Yeumbeul Nord"", ""stops_in_dominant_pattern"": 49, ""trip_headsign"": """", ""trip_id_label"": ""Sahm""}, ""1"": {""trips"": 96, ""dominant_pattern_trips"": 96, ""distinct_patterns"": 1, ""origin_stop_id"": ""A_1697"", ""origin_stop_name"": ""Terminus 43 Yeumbeul Nord"", ""destination_stop_id"": ""A_868"", ""destination_stop_name"": ""Sham Terminus 38 45 58"", ""stops_in_dominant_pattern"": 41, ""trip_headsign"": """", ""trip_id_label"": ""Comico""}}",88,171,"{""FULL"": 171}",05:18:31,21:22:19,0,SCHEDULE_PRESENT_HISTORICAL
AFTU,AFTU_59,A59cD,AFTU_59_cite gendarmerie_Diamalaye,AFTU,3,59,COHERENT (route_short_name = route_id = route_long_name),0/1,"{""0"": {""trips"": 71, ""dominant_pattern_trips"": 71, ""distinct_patterns"": 1, ""origin_stop_id"": ""A_350"", ""origin_stop_name"": ""Terminus 59 Cité Assemblée 2"", ""destination_stop_id"": ""A_1250"", ""destination_stop_name"": ""Yoff"", ""stops_in_dominant_pattern"": 106, ""trip_headsign"": """", ""trip_id_label"": ""Diamalaye""}, ""1"": {""trips"": 91, ""dominant_pattern_trips"": 91, ""distinct_patterns"": 1, ""origin_stop_id"": ""A_1250"", ""origin_stop_name"": ""Yoff"", ""destination_stop_id"": ""A_350"", ""destination_stop_name"": ""Terminus 59 Cité Assemblée 2"", ""stops_in_dominant_pattern"": 115, ""trip_headsign"": """", ""trip_id_label"": ""cite gendarmerie""}}",219,162,"{""FULL"": 162}",05:41:38,22:00:13,0,SCHEDULE_PRESENT_HISTORICAL
AFTU,AFTU_60,A60bC,AFTU_60_bargny_Colobane,AFTU,3,60,COHERENT (route_short_name = route_id = route_long_name),0/1,"{""0"": {""trips"": 92, ""dominant_pattern_trips"": 92, ""distinct_patterns"": 1, ""origin_stop_id"": ""A_1564"", ""origin_stop_name"": ""Colobane"", ""destination_stop_id"": ""A_2182"", ""destination_stop_name"": ""En Face Angle Baye Laye"", ""stops_in_dominant_pattern"": 45, ""trip_headsign"": """", ""trip_id_label"": ""Colobane""}, ""1"": {""trips"": 91, ""dominant_pattern_trips"": 91, ""distinct_patterns"": 1, ""origin_stop_id"": ""A_372"", ""origin_stop_name"": ""Diouma Ndal Dalli"", ""destination_stop_id"": ""A_1564"", ""destination_stop_name"": ""Colobane"", ""stops_in_dominant_pattern"": 46, ""trip_headsign"": """", ""trip_id_label"": ""bargny""}}",90,183,"{""FULL"": 183}",05:09:37,20:48:39,0,SCHEDULE_PRESENT_HISTORICAL
AFTU,AFTU_61,A61Km,AFTU_61_KEUR MASSAR_mamelles,AFTU,3,61,COHERENT (route_short_name = route_id = route_long_name),0/1,"{""0"": {""trips"": 83, ""dominant_pattern_trips"": 83, ""distinct_patterns"": 1, ""origin_stop_id"": ""A_28"", ""origin_stop_name"": ""Terminus 61"", ""destination_stop_id"": ""A_522"", ""destination_stop_name"": ""Keur Massar Terminus 61"", ""stops_in_dominant_pattern"": 64, ""trip_headsign"": """", ""trip_id_label"": ""mamelles""}, ""1"": {""trips"": 97, ""dominant_pattern_trips"": 97, ""distinct_patterns"": 1, ""origin_stop_id"": ""A_522"", ""origin_stop_name"": ""Keur Massar Terminus 61"", ""destination_stop_id"": ""A_28"", ""destination_stop_name"": ""Terminus 61"", ""stops_in_dominant_pattern"": 63, ""trip_headsign"": """", ""trip_id_label"": ""KEUR MASSAR""}}",125,180,"{""FULL"": 180}",05:21:06,21:43:29,0,SCHEDULE_PRESENT_HISTORICAL
AFTU,AFTU_62,A62gy,AFTU_62_gueule tapee_youssou mbergane,AFTU,3,62,COHERENT (route_short_name = route_id = route_long_name),0/1,"{""0"": {""trips"": 74, ""dominant_pattern_trips"": 74, ""distinct_patterns"": 1, ""origin_stop_id"": ""A_1730"", ""origin_stop_name"": ""Terminus 62 (Rufisque Nord)"", ""destination_stop_id"": ""A_876"", ""destination_stop_name"": ""Gueule Tapée Rue Gt-49"", ""stops_in_dominant_pattern"": 85, ""trip_headsign"": """", ""trip_id_label"": ""youssou mbergane""}, ""1"": {""trips"": 65, ""dominant_pattern_trips"": 65, ""distinct_patterns"": 1, ""origin_stop_id"": ""A_877"", ""origin_stop_name"": ""Penc-Mi Boulevard Gueule Tapée"", ""destination_stop_id"": ""A_146"", ""destination_stop_name"": ""Arrêt Chérif (Rufisque Nord)"", ""stops_in_dominant_pattern"": 81, ""trip_headsign"": """", ""trip_id_label"": ""gueule tapee""}}",164,139,"{""FULL"": 139}",05:08:40,22:22:20,0,SCHEDULE_PRESENT_HISTORICAL
AFTU,AFTU_63,A63SR,AFTU_63_Stade-Amitié_Rufisque,AFTU,3,63,COHERENT (route_short_name = route_id = route_long_name),0/1,"{""0"": {""trips"": 59, ""dominant_pattern_trips"": 59, ""distinct_patterns"": 1, ""origin_stop_id"": ""A_1538"", ""origin_stop_name"": ""Terminus 63"", ""destination_stop_id"": ""A_1539"", ""destination_stop_name"": ""Léopold Sédar Senghor"", ""stops_in_dominant_pattern"": 72, ""trip_headsign"": """", ""trip_id_label"": ""Rufisque Arafate""}, ""1"": {""trips"": 58, ""dominant_pattern_trips"": 58, ""distinct_patterns"": 1, ""origin_stop_id"": ""A_1539"", ""origin_stop_name"": ""Léopold Sédar Senghor"", ""destination_stop_id"": ""A_1538"", ""destination_stop_name"": ""Terminus 63"", ""stops_in_dominant_pattern"": 74, ""trip_headsign"": """", ""trip_id_label"": ""YOFF""}}",144,117,"{""FULL"": 117}",06:30:00,21:19:26,0,SCHEDULE_PRESENT_HISTORICAL
AFTU,AFTU_64,A64dg,AFTU_64_diamniadio_guediawaye,AFTU,3,64,COHERENT (route_short_name = route_id = route_long_name),0/1,"{""0"": {""trips"": 87, ""dominant_pattern_trips"": 87, ""distinct_patterns"": 1, ""origin_stop_id"": ""A_1560"", ""origin_stop_name"": ""Terminus 24 64"", ""destination_stop_id"": ""A_1540"", ""destination_stop_name"": ""Terminus 64"", ""stops_in_dominant_pattern"": 80, ""trip_headsign"": """", ""trip_id_label"": ""guediawaye""}, ""1"": {""trips"": 79, ""dominant_pattern_trips"": 79, ""distinct_patterns"": 1, ""origin_stop_id"": ""A_1540"", ""origin_stop_name"": ""Terminus 64"", ""destination_stop_id"": ""A_1560"", ""destination_stop_name"": ""Terminus 24 64"", ""stops_in_dominant_pattern"": 81, ""trip_headsign"": """", ""trip_id_label"": ""diamniadio""}}",159,166,"{""FULL"": 166}",05:41:48,21:07:23,0,SCHEDULE_PRESENT_HISTORICAL
AFTU,AFTU_65,A65Ck,AFTU_65_Colobane_kounoune,AFTU,3,65,COHERENT (route_short_name = route_id = route_long_name),0/1,"{""0"": {""trips"": 79, ""dominant_pattern_trips"": 79, ""distinct_patterns"": 1, ""origin_stop_id"": ""A_245"", ""origin_stop_name"": ""Kounoune École Mbaba"", ""destination_stop_id"": ""A_1564"", ""destination_stop_name"": ""Colobane"", ""stops_in_dominant_pattern"": 62, ""trip_headsign"": """", ""trip_id_label"": ""kounoune""}, ""1"": {""trips"": 62, ""dominant_pattern_trips"": 62, ""distinct_patterns"": 1, ""origin_stop_id"": ""A_1564"", ""origin_stop_name"": ""Colobane"", ""destination_stop_id"": ""A_245"", ""destination_stop_name"": ""Kounoune École Mbaba"", ""stops_in_dominant_pattern"": 66, ""trip_headsign"": """", ""trip_id_label"": ""Colobane""}}",126,141,"{""FULL"": 141}",05:53:37,22:02:28,0,SCHEDULE_PRESENT_HISTORICAL
AFTU,AFTU_66,A66gY,AFTU_66_gorom_Yoff,AFTU,3,66,COHERENT (route_short_name = route_id = route_long_name),0/1,"{""0"": {""trips"": 70, ""dominant_pattern_trips"": 70, ""distinct_patterns"": 1, ""origin_stop_id"": ""A_1250"", ""origin_stop_name"": ""Yoff"", ""destination_stop_id"": ""A_352"", ""destination_stop_name"": ""Terminus 66 Et 79"", ""stops_in_dominant_pattern"": 105, ""trip_headsign"": """", ""trip_id_label"": ""Yoff""}, ""1"": {""trips"": 66, ""dominant_pattern_trips"": 66, ""distinct_patterns"": 1, ""origin_stop_id"": ""A_352"", ""origin_stop_name"": ""Terminus 66 Et 79"", ""destination_stop_id"": ""A_1250"", ""destination_stop_name"": ""Yoff"", ""stops_in_dominant_pattern"": 104, ""trip_headsign"": """", ""trip_id_label"": ""gorom""}}",204,136,"{""FULL"": 136}",05:34:27,21:31:22,0,SCHEDULE_PRESENT_HISTORICAL
AFTU,AFTU_67,A67Ot,AFTU_67_Ouakam_thiawlene,AFTU,3,67,COHERENT (route_short_name = route_id = route_long_name),0/1,"{""0"": {""trips"": 62, ""dominant_pattern_trips"": 62, ""distinct_patterns"": 1, ""origin_stop_id"": ""A_1541"", ""origin_stop_name"": ""Terminus 67"", ""destination_stop_id"": ""A_378"", ""destination_stop_name"": ""Ouakam Terminus 67"", ""stops_in_dominant_pattern"": 75, ""trip_headsign"": """", ""trip_id_label"": ""thiawlene""}, ""1"": {""trips"": 53, ""dominant_pattern_trips"": 53, ""distinct_patterns"": 1, ""origin_stop_id"": ""A_378"", ""origin_stop_name"": ""Ouakam Terminus 67"", ""destination_stop_id"": ""A_1541"", ""destination_stop_name"": ""Terminus 67"", ""stops_in_dominant_pattern"": 77, ""trip_headsign"": """", ""trip_id_label"": ""Ouakam""}}",150,115,"{""FULL"": 115}",05:34:30,21:19:40,0,SCHEDULE_PRESENT_HISTORICAL
AFTU,AFTU_68,A68st,AFTU_68_sebikotane_tally diallo,AFTU,3,68,COHERENT (route_short_name = route_id = route_long_name),0/1,"{""0"": {""trips"": 113, ""dominant_pattern_trips"": 113, ""distinct_patterns"": 1, ""origin_stop_id"": ""A_1542"", ""origin_stop_name"": ""Yeumbeul"", ""destination_stop_id"": ""A_1572"", ""destination_stop_name"": ""Terminus 53"", ""stops_in_dominant_pattern"": 66, ""trip_headsign"": """", ""trip_id_label"": ""tally diallo""}, ""1"": {""trips"": 76, ""dominant_pattern_trips"": 76, ""distinct_patterns"": 1, ""origin_stop_id"": ""A_1572"", ""origin_stop_name"": ""Terminus 53"", ""destination_stop_id"": ""A_1542"", ""destination_stop_name"": ""Yeumbeul"", ""stops_in_dominant_pattern"": 66, ""trip_headsign"": """", ""trip_id_label"": ""sebikotane""}}",130,189,"{""FULL"": 189}",06:05:02,20:48:55,0,SCHEDULE_PRESENT_HISTORICAL
AFTU,AFTU_69,A69Dn,AFTU_69_Diamalaye_namora,AFTU,3,69,COHERENT (route_short_name = route_id = route_long_name),0/1,"{""0"": {""trips"": 57, ""dominant_pattern_trips"": 57, ""distinct_patterns"": 1, ""origin_stop_id"": ""A_1543"", ""origin_stop_name"": ""Terminus 69"", ""destination_stop_id"": ""A_299"", ""destination_stop_name"": ""Terminus 59-39-69-80 Près De La Plage De Diamalaye"", ""stops_in_dominant_pattern"": 65, ""trip_headsign"": """", ""trip_id_label"": ""namora""}, ""1"": {""trips"": 69, ""dominant_pattern_trips"": 69, ""distinct_patterns"": 1, ""origin_stop_id"": """", ""origin_stop_name"": """", ""destination_stop_id"": """", ""destination_stop_name"": """", ""stops_in_dominant_pattern"": 0, ""trip_headsign"": """", ""trip_id_label"": ""Diamalaye""}}",65,126,"{""FULL"": 126}",07:15:00,21:18:50,69,SCHEDULE_PRESENT_HISTORICAL (partiel : 69 trips sans stop_times)
AFTU,AFTU_70,A70dd,AFTU_70_darouhane_diaxaye,AFTU,3,70,COHERENT (route_short_name = route_id = route_long_name),0/1,"{""0"": {""trips"": 79, ""dominant_pattern_trips"": 79, ""distinct_patterns"": 1, ""origin_stop_id"": ""A_414"", ""origin_stop_name"": ""Jaxaay 2 En Face Cabinet Médical Matlaboul Chifa I"", ""destination_stop_id"": ""A_527"", ""destination_stop_name"": ""Serigne Assane Terminus 36 46 70"", ""stops_in_dominant_pattern"": 52, ""trip_headsign"": """", ""trip_id_label"": ""diaxaye""}, ""1"": {""trips"": 83, ""dominant_pattern_trips"": 83, ""distinct_patterns"": 1, ""origin_stop_id"": ""A_527"", ""origin_stop_name"": ""Serigne Assane Terminus 36 46 70"", ""destination_stop_id"": ""A_414"", ""destination_stop_name"": ""Jaxaay 2 En Face Cabinet Médical Matlaboul Chifa I"", ""stops_in_dominant_pattern"": 61, ""trip_headsign"": """", ""trip_id_label"": ""darouhane""}}",111,162,"{""FULL"": 162}",05:51:40,21:15:07,0,SCHEDULE_PRESENT_HISTORICAL
AFTU,AFTU_71,A71cK,AFTU_71_claudel_KEUR MASSAR,AFTU,3,71,COHERENT (route_short_name = route_id = route_long_name),0/1,"{""0"": {""trips"": 78, ""dominant_pattern_trips"": 78, ""distinct_patterns"": 1, ""origin_stop_id"": ""A_531"", ""origin_stop_name"": ""Pharmacie Elimane Aly Drame Keur Massar"", ""destination_stop_id"": ""A_1557"", ""destination_stop_name"": ""Terminus 37 71"", ""stops_in_dominant_pattern"": 50, ""trip_headsign"": """", ""trip_id_label"": ""KEUR MASSAR""}, ""1"": {""trips"": 66, ""dominant_pattern_trips"": 66, ""distinct_patterns"": 1, ""origin_stop_id"": ""A_1557"", ""origin_stop_name"": ""Terminus 37 71"", ""destination_stop_id"": ""A_531"", ""destination_stop_name"": ""Pharmacie Elimane Aly Drame Keur Massar"", ""stops_in_dominant_pattern"": 55, ""trip_headsign"": """", ""trip_id_label"": ""claudel""}}",103,144,"{""FULL"": 144}",05:40:07,21:32:29,0,SCHEDULE_PRESENT_HISTORICAL
AFTU,AFTU_72,A72ks,AFTU_72_kounoune_Guédiawaye,AFTU,3,72,COHERENT (route_short_name = route_id = route_long_name),0/1,"{""0"": {""trips"": 79, ""dominant_pattern_trips"": 79, ""distinct_patterns"": 1, ""origin_stop_id"": ""A_1566"", ""origin_stop_name"": ""Pai Terminus 38"", ""destination_stop_id"": ""A_245"", ""destination_stop_name"": ""Kounoune École Mbaba"", ""stops_in_dominant_pattern"": 91, ""trip_headsign"": """", ""trip_id_label"": ""shs""}, ""1"": {""trips"": 78, ""dominant_pattern_trips"": 78, ""distinct_patterns"": 1, ""origin_stop_id"": ""A_245"", ""origin_stop_name"": ""Kounoune École Mbaba"", ""destination_stop_id"": ""A_1566"", ""destination_stop_name"": ""Pai Terminus 38"", ""stops_in_dominant_pattern"": 90, ""trip_headsign"": """", ""trip_id_label"": ""kounoune""}}",179,157,"{""FULL"": 157}",05:51:55,21:27:38,0,SCHEDULE_PRESENT_HISTORICAL
AFTU,AFTU_73,A73LP,AFTU_73_Lac Rose_POSTE THIAROYE,AFTU,3,73,COHERENT (route_short_name = route_id = route_long_name),0/1,"{""0"": {""trips"": 119, ""dominant_pattern_trips"": 119, ""distinct_patterns"": 1, ""origin_stop_id"": ""A_586"", ""origin_stop_name"": ""Station Ciel Oil"", ""destination_stop_id"": ""A_559"", ""destination_stop_name"": ""Terminus De La Ligne 73"", ""stops_in_dominant_pattern"": 78, ""trip_headsign"": """", ""trip_id_label"": ""POSTE THIAROYE""}, ""1"": {""trips"": 111, ""dominant_pattern_trips"": 111, ""distinct_patterns"": 1, ""origin_stop_id"": ""A_559"", ""origin_stop_name"": ""Terminus De La Ligne 73"", ""destination_stop_id"": ""A_266"", ""destination_stop_name"": ""Station Ciel Oil"", ""stops_in_dominant_pattern"": 79, ""trip_headsign"": """", ""trip_id_label"": ""Lac Rose""}}",155,230,"{""FULL"": 230}",05:33:47,21:52:43,0,SCHEDULE_PRESENT_HISTORICAL
AFTU,AFTU_74,A74bS,AFTU_74_bargny_SOCABECK,AFTU,3,74,COHERENT (route_short_name = route_id = route_long_name),0/1,"{""0"": {""trips"": 72, ""dominant_pattern_trips"": 72, ""distinct_patterns"": 1, ""origin_stop_id"": ""A_1544"", ""origin_stop_name"": ""Terminus 74 81"", ""destination_stop_id"": ""A_1554"", ""destination_stop_name"": ""Bargny"", ""stops_in_dominant_pattern"": 87, ""trip_headsign"": """", ""trip_id_label"": ""SOCABECK""}, ""1"": {""trips"": 80, ""dominant_pattern_trips"": 80, ""distinct_patterns"": 1, ""origin_stop_id"": ""A_1554"", ""origin_stop_name"": ""Bargny"", ""destination_stop_id"": ""A_1544"", ""destination_stop_name"": ""Terminus 74 81"", ""stops_in_dominant_pattern"": 87, ""trip_headsign"": """", ""trip_id_label"": ""bargny""}}",172,152,"{""FULL"": 152}",05:59:00,21:16:26,0,SCHEDULE_PRESENT_HISTORICAL
AFTU,AFTU_75,A75CM,AFTU_75_Colobane_MALIKA,AFTU,3,75,COHERENT (route_short_name = route_id = route_long_name),0/1,"{""0"": {""trips"": 74, ""dominant_pattern_trips"": 74, ""distinct_patterns"": 1, ""origin_stop_id"": ""A_1661"", ""origin_stop_name"": ""Terminus 75 Malika"", ""destination_stop_id"": ""A_1564"", ""destination_stop_name"": ""Colobane"", ""stops_in_dominant_pattern"": 76, ""trip_headsign"": """", ""trip_id_label"": ""MALIKA""}, ""1"": {""trips"": 60, ""dominant_pattern_trips"": 60, ""distinct_patterns"": 1, ""origin_stop_id"": ""A_1564"", ""origin_stop_name"": ""Colobane"", ""destination_stop_id"": ""A_1661"", ""destination_stop_name"": ""Terminus 75 Malika"", ""stops_in_dominant_pattern"": 78, ""trip_headsign"": """", ""trip_id_label"": ""Colobane""}}",152,134,"{""FULL"": 134}",05:24:23,21:20:51,0,SCHEDULE_PRESENT_HISTORICAL
AFTU,AFTU_76,A76AS,AFTU_76_ASSURANCE_SIPRESS,AFTU,3,76,COHERENT (route_short_name = route_id = route_long_name),0/1,"{""0"": {""trips"": 73, ""dominant_pattern_trips"": 73, ""distinct_patterns"": 1, ""origin_stop_id"": ""A_1546"", ""origin_stop_name"": ""Onfp Terminus 76"", ""destination_stop_id"": ""A_1545"", ""destination_stop_name"": ""Terminus 76"", ""stops_in_dominant_pattern"": 68, ""trip_headsign"": """", ""trip_id_label"": ""SIPRESS""}, ""1"": {""trips"": 77, ""dominant_pattern_trips"": 77, ""distinct_patterns"": 1, ""origin_stop_id"": ""A_1545"", ""origin_stop_name"": ""Terminus 76"", ""destination_stop_id"": ""A_1546"", ""destination_stop_name"": ""Onfp Terminus 76"", ""stops_in_dominant_pattern"": 67, ""trip_headsign"": """", ""trip_id_label"": ""ASSURANCE""}}",133,150,"{""FULL"": 150}",06:12:17,21:35:43,0,SCHEDULE_PRESENT_HISTORICAL
AFTU,AFTU_77,A77CL,AFTU_77_CITE TACCO_LIBERTE 5,AFTU,3,77,COHERENT (route_short_name = route_id = route_long_name),0/1,"{""0"": {""trips"": 71, ""dominant_pattern_trips"": 71, ""distinct_patterns"": 1, ""origin_stop_id"": ""A_1421"", ""origin_stop_name"": ""Terminus Liberté 5"", ""destination_stop_id"": ""A_1547"", ""destination_stop_name"": ""Terminus 77"", ""stops_in_dominant_pattern"": 57, ""trip_headsign"": """", ""trip_id_label"": ""LIBERTE 5""}, ""1"": {""trips"": 96, ""dominant_pattern_trips"": 96, ""distinct_patterns"": 1, ""origin_stop_id"": ""A_1547"", ""origin_stop_name"": ""Terminus 77"", ""destination_stop_id"": ""A_1421"", ""destination_stop_name"": ""Terminus Liberté 5"", ""stops_in_dominant_pattern"": 52, ""trip_headsign"": """", ""trip_id_label"": ""CITE TACCO""}}",107,167,"{""FULL"": 167}",06:11:04,21:20:27,0,SCHEDULE_PRESENT_HISTORICAL
AFTU,AFTU_78,A78DL,AFTU_78_DIAMAGUENE_LIBERTE 5,AFTU,3,78,COHERENT (route_short_name = route_id = route_long_name),0/1,"{""0"": {""trips"": 63, ""dominant_pattern_trips"": 63, ""distinct_patterns"": 1, ""origin_stop_id"": ""A_1421"", ""origin_stop_name"": ""Terminus Liberté 5"", ""destination_stop_id"": ""A_648"", ""destination_stop_name"": ""Marche Diamegeune"", ""stops_in_dominant_pattern"": 54, ""trip_headsign"": """", ""trip_id_label"": ""LIBERTE 5""}, ""1"": {""trips"": 77, ""dominant_pattern_trips"": 77, ""distinct_patterns"": 1, ""origin_stop_id"": ""A_648"", ""origin_stop_name"": ""Marche Diamegeune"", ""destination_stop_id"": ""A_1421"", ""destination_stop_name"": ""Terminus Liberté 5"", ""stops_in_dominant_pattern"": 52, ""trip_headsign"": """", ""trip_id_label"": ""DIAMAGUENE""}}",104,140,"{""FULL"": 140}",05:31:05,20:39:46,0,SCHEDULE_PRESENT_HISTORICAL
AFTU,AFTU_79,A79Cg,AFTU_79_CAMBERENE2_gorom,AFTU,3,79,COHERENT (route_short_name = route_id = route_long_name),0/1,"{""0"": {""trips"": 62, ""dominant_pattern_trips"": 62, ""distinct_patterns"": 1, ""origin_stop_id"": ""A_1548"", ""origin_stop_name"": ""Terminus 79 87"", ""destination_stop_id"": ""A_1563"", ""destination_stop_name"": ""Terminus 29"", ""stops_in_dominant_pattern"": 97, ""trip_headsign"": """", ""trip_id_label"": ""gorom""}, ""1"": {""trips"": 69, ""dominant_pattern_trips"": 69, ""distinct_patterns"": 1, ""origin_stop_id"": ""A_1563"", ""origin_stop_name"": ""Terminus 29"", ""destination_stop_id"": ""A_1548"", ""destination_stop_name"": ""Terminus 79 87"", ""stops_in_dominant_pattern"": 97, ""trip_headsign"": """", ""trip_id_label"": ""CAMBERENE2""}}",192,131,"{""FULL"": 131}",05:32:55,21:19:54,0,SCHEDULE_PRESENT_HISTORICAL
AFTU,AFTU_80,A80DD,AFTU_80_DAROU THIOUB_Diamalaye,AFTU,3,80,COHERENT (route_short_name = route_id = route_long_name),0/1,"{""0"": {""trips"": 63, ""dominant_pattern_trips"": 63, ""distinct_patterns"": 1, ""origin_stop_id"": ""A_299"", ""origin_stop_name"": ""Terminus 59-39-69-80 Près De La Plage De Diamalaye"", ""destination_stop_id"": ""A_1549"", ""destination_stop_name"": ""Terminus 80"", ""stops_in_dominant_pattern"": 105, ""trip_headsign"": """", ""trip_id_label"": ""Diamalaye""}, ""1"": {""trips"": 73, ""dominant_pattern_trips"": 73, ""distinct_patterns"": 1, ""origin_stop_id"": ""A_1549"", ""origin_stop_name"": ""Terminus 80"", ""destination_stop_id"": ""A_299"", ""destination_stop_name"": ""Terminus 59-39-69-80 Près De La Plage De Diamalaye"", ""stops_in_dominant_pattern"": 104, ""trip_headsign"": """", ""trip_id_label"": ""DAROU THIOUB""}}",207,136,"{""FULL"": 136}",05:14:00,21:32:51,0,SCHEDULE_PRESENT_HISTORICAL
AFTU,AFTU_81,A81BT,AFTU_81_BEAUX MARAICHER_TAWFEKH,AFTU,3,81,COHERENT (route_short_name = route_id = route_long_name),0/1,"{""0"": {""trips"": 69, ""dominant_pattern_trips"": 69, ""distinct_patterns"": 1, ""origin_stop_id"": ""A_1544"", ""origin_stop_name"": ""Terminus 74 81"", ""destination_stop_id"": ""A_1570"", ""destination_stop_name"": ""Gare Des Baux MaraîChers"", ""stops_in_dominant_pattern"": 94, ""trip_headsign"": """", ""trip_id_label"": ""TAWFEKH""}, ""1"": {""trips"": 63, ""dominant_pattern_trips"": 63, ""distinct_patterns"": 1, ""origin_stop_id"": ""A_1570"", ""origin_stop_name"": ""Gare Des Baux MaraîChers"", ""destination_stop_id"": ""A_1544"", ""destination_stop_name"": ""Terminus 74 81"", ""stops_in_dominant_pattern"": 73, ""trip_headsign"": """", ""trip_id_label"": ""BEAUX MARAICHER""}}",165,132,"{""FULL"": 132}",05:15:00,21:39:31,0,SCHEDULE_PRESENT_HISTORICAL
AFTU,AFTU_82,A82CL,AFTU_82_CITE COMICO_Lat Dior,AFTU,3,82,COHERENT (route_short_name = route_id = route_long_name),0/1,"{""0"": {""trips"": 61, ""dominant_pattern_trips"": 61, ""distinct_patterns"": 1, ""origin_stop_id"": ""A_1629"", ""origin_stop_name"": ""Service D'Hygiène"", ""destination_stop_id"": ""A_118"", ""destination_stop_name"": ""Terminus 43 Yeumbeul Nord"", ""stops_in_dominant_pattern"": 46, ""trip_headsign"": """", ""trip_id_label"": ""Lat Dior""}, ""1"": {""trips"": 75, ""dominant_pattern_trips"": 75, ""distinct_patterns"": 1, ""origin_stop_id"": ""A_118"", ""origin_stop_name"": ""Terminus 43 Yeumbeul Nord"", ""destination_stop_id"": ""A_50"", ""destination_stop_name"": ""Garage Lat Dior"", ""stops_in_dominant_pattern"": 51, ""trip_headsign"": """", ""trip_id_label"": ""CITE COMICO""}}",96,136,"{""FULL"": 136}",05:36:38,21:22:08,0,SCHEDULE_PRESENT_HISTORICAL
AFTU,AFTU_83,A83AZ,AFTU_83_ARAFAT_ZONE CAPTAGE,AFTU,3,83,COHERENT (route_short_name = route_id = route_long_name),0/1,"{""0"": {""trips"": 82, ""dominant_pattern_trips"": 82, ""distinct_patterns"": 1, ""origin_stop_id"": ""A_1047"", ""origin_stop_name"": ""Zone De Captage"", ""destination_stop_id"": ""A_710"", ""destination_stop_name"": ""Rufisque Ville Devant La Boutique Orange À  Coté De La Mairie"", ""stops_in_dominant_pattern"": 90, ""trip_headsign"": """", ""trip_id_label"": ""ZONE CAPTAGE""}, ""1"": {""trips"": 143, ""dominant_pattern_trips"": 143, ""distinct_patterns"": 1, ""origin_stop_id"": ""A_1651"", ""origin_stop_name"": ""Sonadis près du Jardin En Face Hôtel De Ville"", ""destination_stop_id"": ""A_1047"", ""destination_stop_name"": ""Zone De Captage"", ""stops_in_dominant_pattern"": 93, ""trip_headsign"": """", ""trip_id_label"": ""ARAFAT""}}",181,225,"{""FULL"": 225}",05:26:09,21:47:18,0,SCHEDULE_PRESENT_HISTORICAL
AFTU,AFTU_84,A84JU,AFTU_84_Jaxaay_UCAD,AFTU,3,84,COHERENT (route_short_name = route_id = route_long_name),0/1,"{""0"": {""trips"": 82, ""dominant_pattern_trips"": 82, ""distinct_patterns"": 1, ""origin_stop_id"": ""A_1933"", ""origin_stop_name"": ""Delafosse Commerce"", ""destination_stop_id"": ""A_1571"", ""destination_stop_name"": ""Jaxaay 2 Pénitence"", ""stops_in_dominant_pattern"": 76, ""trip_headsign"": """", ""trip_id_label"": ""UCAD""}, ""1"": {""trips"": 109, ""dominant_pattern_trips"": 109, ""distinct_patterns"": 1, ""origin_stop_id"": ""A_1571"", ""origin_stop_name"": ""Jaxaay 2 Pénitence"", ""destination_stop_id"": ""A_292"", ""destination_stop_name"": ""Terminus 84_54Derrière Ucad En Face Canal 4"", ""stops_in_dominant_pattern"": 73, ""trip_headsign"": """", ""trip_id_label"": ""Jaxaay""}}",148,191,"{""FULL"": 191}",05:51:26,21:52:48,0,SCHEDULE_PRESENT_HISTORICAL
AFTU,AFTU_85,A85LL,AFTU_85_Lac Rose_LIBERTE5,AFTU,3,85,COHERENT (route_short_name = route_id = route_long_name),0/1,"{""0"": {""trips"": 55, ""dominant_pattern_trips"": 55, ""distinct_patterns"": 1, ""origin_stop_id"": ""A_1421"", ""origin_stop_name"": ""Terminus Liberté 5"", ""destination_stop_id"": ""A_559"", ""destination_stop_name"": ""Terminus De La Ligne 73"", ""stops_in_dominant_pattern"": 96, ""trip_headsign"": """", ""trip_id_label"": ""LIBERTE5""}, ""1"": {""trips"": 133, ""dominant_pattern_trips"": 133, ""distinct_patterns"": 1, ""origin_stop_id"": ""A_559"", ""origin_stop_name"": ""Terminus De La Ligne 73"", ""destination_stop_id"": ""A_1421"", ""destination_stop_name"": ""Terminus Liberté 5"", ""stops_in_dominant_pattern"": 89, ""trip_headsign"": """", ""trip_id_label"": ""Lac Rose""}}",98,188,"{""FULL"": 188}",06:30:21,22:03:45,0,SCHEDULE_PRESENT_HISTORICAL
AFTU,AFTU_86,A86TT,AFTU_86_THIAROYE_TOUBAB DJALAW,AFTU,3,86,COHERENT (route_short_name = route_id = route_long_name),0/1,"{""0"": {""trips"": 64, ""dominant_pattern_trips"": 64, ""distinct_patterns"": 1, ""origin_stop_id"": ""A_1550"", ""origin_stop_name"": ""Terminus 86"", ""destination_stop_id"": ""A_594"", ""destination_stop_name"": ""Route De Malika En Face Mairie Yeumbel Sud Et Sgbs"", ""stops_in_dominant_pattern"": 64, ""trip_headsign"": """", ""trip_id_label"": ""Yéne""}, ""1"": {""trips"": 67, ""dominant_pattern_trips"": 67, ""distinct_patterns"": 1, ""origin_stop_id"": ""A_1542"", ""origin_stop_name"": ""Yeumbeul"", ""destination_stop_id"": ""A_1550"", ""destination_stop_name"": ""Terminus 86"", ""stops_in_dominant_pattern"": 68, ""trip_headsign"": """", ""trip_id_label"": ""Yeumbeul""}}",131,131,"{""FULL"": 131}",05:35:56,21:17:18,0,SCHEDULE_PRESENT_HISTORICAL
AFTU,AFTU_87,A87BM,AFTU_87_BAMBIBOR COMICO_MASSALIKOU,AFTU,3,87,COHERENT (route_short_name = route_id = route_long_name),0/1,"{""0"": {""trips"": 48, ""dominant_pattern_trips"": 48, ""distinct_patterns"": 1, ""origin_stop_id"": ""A_1551"", ""origin_stop_name"": ""Maristes Terminus 87"", ""destination_stop_id"": ""A_1548"", ""destination_stop_name"": ""Terminus 79 87"", ""stops_in_dominant_pattern"": 71, ""trip_headsign"": """", ""trip_id_label"": ""MASSALIKOU""}, ""1"": {""trips"": 52, ""dominant_pattern_trips"": 52, ""distinct_patterns"": 1, ""origin_stop_id"": ""A_1548"", ""origin_stop_name"": ""Terminus 79 87"", ""destination_stop_id"": ""A_1551"", ""destination_stop_name"": ""Maristes Terminus 87"", ""stops_in_dominant_pattern"": 68, ""trip_headsign"": """", ""trip_id_label"": ""BAMBIBOR COMICO""}}",137,100,"{""FULL"": 100}",05:33:24,21:35:16,0,SCHEDULE_PRESENT_HISTORICAL
AFTU,AFTU_88,A88KL,AFTU_88_KEUR MASSAR_LIBERTE5,AFTU,3,88,COHERENT (route_short_name = route_id = route_long_name),0/1,"{""0"": {""trips"": 47, ""dominant_pattern_trips"": 47, ""distinct_patterns"": 1, ""origin_stop_id"": ""A_1421"", ""origin_stop_name"": ""Terminus Liberté 5"", ""destination_stop_id"": ""A_1552"", ""destination_stop_name"": ""Terminus 88"", ""stops_in_dominant_pattern"": 81, ""trip_headsign"": """", ""trip_id_label"": ""LIBERTE5""}, ""1"": {""trips"": 58, ""dominant_pattern_trips"": 58, ""distinct_patterns"": 1, ""origin_stop_id"": ""A_1552"", ""origin_stop_name"": ""Terminus 88"", ""destination_stop_id"": ""A_1421"", ""destination_stop_name"": ""Terminus Liberté 5"", ""stops_in_dominant_pattern"": 78, ""trip_headsign"": """", ""trip_id_label"": ""KEUR MASSAR""}}",157,105,"{""FULL"": 105}",06:37:45,21:29:26,0,SCHEDULE_PRESENT_HISTORICAL
AFTU,AFTU_89,A89bT,AFTU_89_bargny_TAWFEKH,AFTU,3,89,COHERENT (route_short_name = route_id = route_long_name),0/1,"{""0"": {""trips"": 68, ""dominant_pattern_trips"": 68, ""distinct_patterns"": 1, ""origin_stop_id"": ""A_1553"", ""origin_stop_name"": ""Terminus 89"", ""destination_stop_id"": ""A_1646"", ""destination_stop_name"": ""Poste Courant Bargny Près De La Gare Ter"", ""stops_in_dominant_pattern"": 55, ""trip_headsign"": """", ""trip_id_label"": ""TAWFEKH""}, ""1"": {""trips"": 63, ""dominant_pattern_trips"": 63, ""distinct_patterns"": 1, ""origin_stop_id"": ""A_1646"", ""origin_stop_name"": ""Poste Courant Bargny Près De La Gare Ter"", ""destination_stop_id"": ""A_1553"", ""destination_stop_name"": ""Terminus 89"", ""stops_in_dominant_pattern"": 53, ""trip_headsign"": """", ""trip_id_label"": ""bargny""}}",106,131,"{""FULL"": 131}",05:45:12,20:42:03,0,SCHEDULE_PRESENT_HISTORICAL
AFTU,AFTU_90,A90TD,AFTU_90_THOAROYE-AZUR_DENI BIRAME NDAO,AFTU,3,90,COHERENT (route_short_name = route_id = route_long_name),0/1,"{""0"": {""trips"": 80, ""dominant_pattern_trips"": 80, ""distinct_patterns"": 1, ""origin_stop_id"": ""A_1555"", ""origin_stop_name"": ""Terminus 90"", ""destination_stop_id"": ""A_1358"", ""destination_stop_name"": ""Deni Birame Ndao Nord"", ""stops_in_dominant_pattern"": 82, ""trip_headsign"": """", ""trip_id_label"": ""THIAROYE AZUR""}, ""1"": {""trips"": 75, ""dominant_pattern_trips"": 75, ""distinct_patterns"": 1, ""origin_stop_id"": ""A_1358"", ""origin_stop_name"": ""Deni Birame Ndao Nord"", ""destination_stop_id"": ""A_1555"", ""destination_stop_name"": ""Terminus 90"", ""stops_in_dominant_pattern"": 82, ""trip_headsign"": """", ""trip_id_label"": ""DENI BIRAME NDAO""}}",162,155,"{""FULL"": 155}",06:05:26,21:34:03,0,SCHEDULE_PRESENT_HISTORICAL
AFTU,AFTU_91,A91AD,AFTU_91_APIX_DOUGAR,AFTU,3,91,COHERENT (route_short_name = route_id = route_long_name),0/1,"{""0"": {""trips"": 48, ""dominant_pattern_trips"": 48, ""distinct_patterns"": 1, ""origin_stop_id"": ""A_2397"", ""origin_stop_name"": ""Chez Lo électricien"", ""destination_stop_id"": ""A_1365"", ""destination_stop_name"": ""Losso"", ""stops_in_dominant_pattern"": 70, ""trip_headsign"": """", ""trip_id_label"": ""DOUGAR""}, ""1"": {""trips"": 55, ""dominant_pattern_trips"": 55, ""distinct_patterns"": 1, ""origin_stop_id"": ""A_1365"", ""origin_stop_name"": ""Losso"", ""destination_stop_id"": ""A_1556"", ""destination_stop_name"": ""Terminus 91"", ""stops_in_dominant_pattern"": 70, ""trip_headsign"": """", ""trip_id_label"": ""APIX""}}",139,103,"{""FULL"": 103}",06:10:48,21:31:32,0,SCHEDULE_PRESENT_HISTORICAL
